{
  "best_weight": 0.6,
  "best_threshold": 0.22,
  "best_f1_val": 0.7163323782234957,
  "ensemble_test_metrics": {
    "precision": 0.7074829931972789,
    "recall": 0.5777777777777777,
    "f1": 0.636085626911315,
    "auc": 0.8741557734204792,
    "confusion": [
      977,
      43,
      76,
      104
    ]
  },
  "meta_lr": {
    "coef": [
      [
        2.2506853167429117,
        6.065010066179248
      ]
    ],
    "intercept": [
      -5.625251431361324
    ],
    "test_metrics": {
      "precision": 0.9494949494949495,
      "recall": 0.5222222222222223,
      "f1": 0.6738351254480287,
      "auc": 0.8497167755991286,
      "confusion": [
        1015,
        5,
        86,
        94
      ]
    }
  },
  "ae_mse_min": 0.02844250312278474,
  "ae_mse_max": 1.5469125626994658
}
