{
  "max_fpr_constraint": 0.1,
  "val_best": {
    "recall": 0.7666666666666667,
    "weight": 0.41000000000000003,
    "threshold": 0.79,
    "fpr": 0.1
  },
  "test_metrics": {
    "precision": 0.5194805194805194,
    "recall": 0.6666666666666666,
    "f1": 0.583941605839416,
    "auc": 0.8614869281045752,
    "fpr": 0.10882352941176471,
    "confusion": [
      909,
      111,
      60,
      120
    ]
  }
}